CODE,TEXT,CATEGORY
c000001,Theft of school funds or equipment.,grave
c000002,Bringing a weapon to school.,grave
c000003,Possession of prohibited substances on school grounds.,major
c000004,Theft of school funds or equipment.,grave
c000005,Serious threats made to students or faculty.,grave
c000006,Intentional destruction of school property.,major
c000007,Eating in class without permission.,minor
c000008,Physical assault on a teacher or staff member.,grave
c000009,Failure to wear proper school uniform.,minor
c000010,Eating in class without permission.,minor
c000011,Fighting with another student in school premises.,major
c000012,Possession of prohibited substances on school grounds.,major
c000013,Littering in the classroom or hallways.,minor
c000014,Bringing a weapon to school.,grave
c000015,Bringing a weapon to school.,grave
c000016,Fighting with another student in school premises.,major
c000017,Severe vandalism or arson on school property.,grave
c000018,Possession of prohibited substances on school grounds.,major
c000019,Serious threats made to students or faculty.,grave
c000020,Tardiness in attending morning assembly.,minor
c000021,Fighting with another student in school premises.,major
c000022,Intentional destruction of school property.,major
c000023,Eating in class without permission.,minor
c000024,Fighting with another student in school premises.,major
c000025,Bringing a weapon to school.,grave
c000026,Intentional destruction of school property.,major
c000027,Fighting with another student in school premises.,major
c000028,Bringing a weapon to school.,grave
c000029,Serious threats made to students or faculty.,grave
c000030,Physical assault on a teacher or staff member.,grave
c000031,Bullying or harassment of other students.,major
c000032,Intentional destruction of school property.,major
c000033,Bringing a weapon to school.,grave
c000034,Skipping class repeatedly without valid reason.,major
c000035,Serious threats made to students or faculty.,grave
c000036,Not bringing required school materials.,minor
c000037,Physical assault on a teacher or staff member.,grave
c000038,Not bringing required school materials.,minor
c000039,Possession of prohibited substances on school grounds.,major
c000040,Severe vandalism or arson on school property.,grave
c000041,Fighting with another student in school premises.,major
c000042,Not bringing required school materials.,minor
c000043,Littering in the classroom or hallways.,minor
c000044,Eating in class without permission.,minor
c000045,Bullying or harassment of other students.,major
c000046,Failure to wear proper school uniform.,minor
c000047,Failure to wear proper school uniform.,minor
c000048,Physical assault on a teacher or staff member.,grave
c000049,Intentional destruction of school property.,major
c000050,Possession of prohibited substances on school grounds.,major
c000051,Bullying or harassment of other students.,major
c000052,Intentional destruction of school property.,major
c000053,Possession of prohibited substances on school grounds.,major
c000054,Bullying or harassment of other students.,major
c000055,Not bringing required school materials.,minor
c000056,Physical assault on a teacher or staff member.,grave
c000057,Theft of school funds or equipment.,grave
c000058,Intentional destruction of school property.,major
c000059,Possession of prohibited substances on school grounds.,major
c000060,Possession of prohibited substances on school grounds.,major
c000061,Bullying or harassment of other students.,major
c000062,Littering in the classroom or hallways.,minor
c000063,Bullying or harassment of other students.,major
c000064,Tardiness in attending morning assembly.,minor
c000065,Not bringing required school materials.,minor
c000066,Bullying or harassment of other students.,major
c000067,Severe vandalism or arson on school property.,grave
c000068,Intentional destruction of school property.,major
c000069,Not bringing required school materials.,minor
c000070,Eating in class without permission.,minor
c000071,Intentional destruction of school property.,major
c000072,Bullying or harassment of other students.,major
c000073,Bringing a weapon to school.,grave
c000074,Theft of school funds or equipment.,grave
c000075,Littering in the classroom or hallways.,minor
c000076,Possession of prohibited substances on school grounds.,major
c000077,Serious threats made to students or faculty.,grave
c000078,Severe vandalism or arson on school property.,grave
c000079,Fighting with another student in school premises.,major
c000080,Tardiness in attending morning assembly.,minor
c000081,Tardiness in attending morning assembly.,minor
c000082,Fighting with another student in school premises.,major
c000083,Skipping class repeatedly without valid reason.,major
c000084,Tardiness in attending morning assembly.,minor
c000085,Failure to wear proper school uniform.,minor
c000086,Serious threats made to students or faculty.,grave
c000087,Failure to wear proper school uniform.,minor
c000088,Eating in class without permission.,minor
c000089,Severe vandalism or arson on school property.,grave
c000090,Bringing a weapon to school.,grave
c000091,Skipping class repeatedly without valid reason.,major
c000092,Failure to wear proper school uniform.,minor
c000093,Theft of school funds or equipment.,grave
c000094,Theft of school funds or equipment.,grave
c000095,Bullying or harassment of other students.,major
c000096,Bullying or harassment of other students.,major
c000097,Fighting with another student in school premises.,major
c000098,Littering in the classroom or hallways.,minor
c000099,Not bringing required school materials.,minor
c000100,Severe vandalism or arson on school property.,grave
c000101,Skipping class repeatedly without valid reason.,major
c000102,Tardiness in attending morning assembly.,minor
c000103,Tardiness in attending morning assembly.,minor
c000104,Intentional destruction of school property.,major
c000105,Intentional destruction of school property.,major
c000106,Intentional destruction of school property.,major
c000107,Tardiness in attending morning assembly.,minor
c000108,Fighting with another student in school premises.,major
c000109,Physical assault on a teacher or staff member.,grave
c000110,Bringing a weapon to school.,grave
c000111,Possession of prohibited substances on school grounds.,major
c000112,Severe vandalism or arson on school property.,grave
c000113,Eating in class without permission.,minor
c000114,Eating in class without permission.,minor
c000115,Failure to wear proper school uniform.,minor
c000116,Intentional destruction of school property.,major
c000117,Physical assault on a teacher or staff member.,grave
c000118,Physical assault on a teacher or staff member.,grave
c000119,Intentional destruction of school property.,major
c000120,Bullying or harassment of other students.,major
c000121,Theft of school funds or equipment.,grave
c000122,Intentional destruction of school property.,major
c000123,Physical assault on a teacher or staff member.,grave
c000124,Littering in the classroom or hallways.,minor
c000125,Bullying or harassment of other students.,major
c000126,Severe vandalism or arson on school property.,grave
c000127,Eating in class without permission.,minor
c000128,Serious threats made to students or faculty.,grave
c000129,Serious threats made to students or faculty.,grave
c000130,Intentional destruction of school property.,major
c000131,Bullying or harassment of other students.,major
c000132,Serious threats made to students or faculty.,grave
c000133,Intentional destruction of school property.,major
c000134,Littering in the classroom or hallways.,minor
c000135,Bringing a weapon to school.,grave
c000136,Intentional destruction of school property.,major
c000137,Littering in the classroom or hallways.,minor
c000138,Possession of prohibited substances on school grounds.,major
c000139,Physical assault on a teacher or staff member.,grave
c000140,Severe vandalism or arson on school property.,grave
c000141,Physical assault on a teacher or staff member.,grave
c000142,Bullying or harassment of other students.,major
c000143,Theft of school funds or equipment.,grave
c000144,Eating in class without permission.,minor
c000145,Intentional destruction of school property.,major
c000146,Fighting with another student in school premises.,major
c000147,Severe vandalism or arson on school property.,grave
c000148,Fighting with another student in school premises.,major
c000149,Skipping class repeatedly without valid reason.,major
c000150,Intentional destruction of school property.,major
c000151,Fighting with another student in school premises.,major
c000152,Littering in the classroom or hallways.,minor
c000153,Tardiness in attending morning assembly.,minor
c000154,Eating in class without permission.,minor
c000155,Bullying or harassment of other students.,major
c000156,Littering in the classroom or hallways.,minor
c000157,Eating in class without permission.,minor
c000158,Skipping class repeatedly without valid reason.,major
c000159,Serious threats made to students or faculty.,grave
c000160,Severe vandalism or arson on school property.,grave
c000161,Not bringing required school materials.,minor
c000162,Skipping class repeatedly without valid reason.,major
c000163,Not bringing required school materials.,minor
c000164,Bullying or harassment of other students.,major
c000165,Not bringing required school materials.,minor
c000166,Possession of prohibited substances on school grounds.,major
c000167,Theft of school funds or equipment.,grave
c000168,Possession of prohibited substances on school grounds.,major
c000169,Tardiness in attending morning assembly.,minor
c000170,Severe vandalism or arson on school property.,grave
c000171,Theft of school funds or equipment.,grave
c000172,Fighting with another student in school premises.,major
c000173,Theft of school funds or equipment.,grave
c000174,Fighting with another student in school premises.,major
c000175,Failure to wear proper school uniform.,minor
c000176,Littering in the classroom or hallways.,minor
c000177,Tardiness in attending morning assembly.,minor
c000178,Not bringing required school materials.,minor
c000179,Possession of prohibited substances on school grounds.,major
c000180,Skipping class repeatedly without valid reason.,major
c000181,Not bringing required school materials.,minor
c000182,Severe vandalism or arson on school property.,grave
c000183,Eating in class without permission.,minor
c000184,Skipping class repeatedly without valid reason.,major
c000185,Severe vandalism or arson on school property.,grave
c000186,Possession of prohibited substances on school grounds.,major
c000187,Physical assault on a teacher or staff member.,grave
c000188,Possession of prohibited substances on school grounds.,major
c000189,Possession of prohibited substances on school grounds.,major
c000190,Bullying or harassment of other students.,major
c000191,Serious threats made to students or faculty.,grave
c000192,Not bringing required school materials.,minor
c000193,Intentional destruction of school property.,major
c000194,Possession of prohibited substances on school grounds.,major
c000195,Tardiness in attending morning assembly.,minor
c000196,Physical assault on a teacher or staff member.,grave
c000197,Theft of school funds or equipment.,grave
c000198,Eating in class without permission.,minor
c000199,Skipping class repeatedly without valid reason.,major
c000200,Bringing a weapon to school.,grave
c000201,Physical assault on a teacher or staff member.,grave
c000202,Serious threats made to students or faculty.,grave
c000203,Skipping class repeatedly without valid reason.,major
c000204,Serious threats made to students or faculty.,grave
c000205,Bringing a weapon to school.,grave
c000206,Eating in class without permission.,minor
c000207,Physical assault on a teacher or staff member.,grave
c000208,Skipping class repeatedly without valid reason.,major
c000209,Severe vandalism or arson on school property.,grave
c000210,Severe vandalism or arson on school property.,grave
c000211,Possession of prohibited substances on school grounds.,major
c000212,Bringing a weapon to school.,grave
c000213,Theft of school funds or equipment.,grave
c000214,Failure to wear proper school uniform.,minor
c000215,Possession of prohibited substances on school grounds.,major
c000216,Bullying or harassment of other students.,major
c000217,Failure to wear proper school uniform.,minor
c000218,Severe vandalism or arson on school property.,grave
c000219,Serious threats made to students or faculty.,grave
c000220,Bullying or harassment of other students.,major
c000221,Failure to wear proper school uniform.,minor
c000222,Skipping class repeatedly without valid reason.,major
c000223,Littering in the classroom or hallways.,minor
c000224,Not bringing required school materials.,minor
c000225,Serious threats made to students or faculty.,grave
c000226,Possession of prohibited substances on school grounds.,major
c000227,Possession of prohibited substances on school grounds.,major
c000228,Intentional destruction of school property.,major
c000229,Not bringing required school materials.,minor
c000230,Skipping class repeatedly without valid reason.,major
c000231,Intentional destruction of school property.,major
c000232,Severe vandalism or arson on school property.,grave
c000233,Eating in class without permission.,minor
c000234,Fighting with another student in school premises.,major
c000235,Physical assault on a teacher or staff member.,grave
c000236,Serious threats made to students or faculty.,grave
c000237,Serious threats made to students or faculty.,grave
c000238,Not bringing required school materials.,minor
c000239,Fighting with another student in school premises.,major
c000240,Theft of school funds or equipment.,grave
c000241,Failure to wear proper school uniform.,minor
c000242,Eating in class without permission.,minor
c000243,Skipping class repeatedly without valid reason.,major
c000244,Fighting with another student in school premises.,major
c000245,Bullying or harassment of other students.,major
c000246,Possession of prohibited substances on school grounds.,major
c000247,Serious threats made to students or faculty.,grave
c000248,Eating in class without permission.,minor
c000249,Serious threats made to students or faculty.,grave
c000250,Fighting with another student in school premises.,major
c000251,Bullying or harassment of other students.,major
c000252,Bullying or harassment of other students.,major
c000253,Failure to wear proper school uniform.,minor
c000254,Failure to wear proper school uniform.,minor
c000255,Serious threats made to students or faculty.,grave
c000256,Skipping class repeatedly without valid reason.,major
c000257,Littering in the classroom or hallways.,minor
c000258,Not bringing required school materials.,minor
c000259,Serious threats made to students or faculty.,grave
c000260,Bullying or harassment of other students.,major
c000261,Intentional destruction of school property.,major
c000262,Intentional destruction of school property.,major
c000263,Skipping class repeatedly without valid reason.,major
c000264,Failure to wear proper school uniform.,minor
c000265,Intentional destruction of school property.,major
c000266,Not bringing required school materials.,minor
c000267,Fighting with another student in school premises.,major
c000268,Bullying or harassment of other students.,major
c000269,Bullying or harassment of other students.,major
c000270,Intentional destruction of school property.,major
c000271,Tardiness in attending morning assembly.,minor
c000272,Bringing a weapon to school.,grave
c000273,Tardiness in attending morning assembly.,minor
c000274,Serious threats made to students or faculty.,grave
c000275,Serious threats made to students or faculty.,grave
c000276,Skipping class repeatedly without valid reason.,major
c000277,Theft of school funds or equipment.,grave
c000278,Physical assault on a teacher or staff member.,grave
c000279,Fighting with another student in school premises.,major
c000280,Failure to wear proper school uniform.,minor
c000281,Bringing a weapon to school.,grave
c000282,Littering in the classroom or hallways.,minor
c000283,Intentional destruction of school property.,major
c000284,Littering in the classroom or hallways.,minor
c000285,Intentional destruction of school property.,major
c000286,Littering in the classroom or hallways.,minor
c000287,Intentional destruction of school property.,major
c000288,Skipping class repeatedly without valid reason.,major
c000289,Littering in the classroom or hallways.,minor
c000290,Littering in the classroom or hallways.,minor
c000291,Intentional destruction of school property.,major
c000292,Bringing a weapon to school.,grave
c000293,Physical assault on a teacher or staff member.,grave
c000294,Intentional destruction of school property.,major
c000295,Eating in class without permission.,minor
c000296,Littering in the classroom or hallways.,minor
c000297,Skipping class repeatedly without valid reason.,major
c000298,Failure to wear proper school uniform.,minor
c000299,Skipping class repeatedly without valid reason.,major
c000300,Not bringing required school materials.,minor
c000301,Failure to wear proper school uniform.,minor
c000302,Failure to wear proper school uniform.,minor
c000303,Eating in class without permission.,minor
c000304,Littering in the classroom or hallways.,minor
c000305,Bringing a weapon to school.,grave
c000306,Theft of school funds or equipment.,grave
c000307,Bullying or harassment of other students.,major
c000308,Serious threats made to students or faculty.,grave
c000309,Possession of prohibited substances on school grounds.,major
c000310,Tardiness in attending morning assembly.,minor
c000311,Severe vandalism or arson on school property.,grave
c000312,Possession of prohibited substances on school grounds.,major
c000313,Not bringing required school materials.,minor
c000314,Theft of school funds or equipment.,grave
c000315,Skipping class repeatedly without valid reason.,major
c000316,Intentional destruction of school property.,major
c000317,Tardiness in attending morning assembly.,minor
c000318,Failure to wear proper school uniform.,minor
c000319,Bringing a weapon to school.,grave
c000320,Not bringing required school materials.,minor
c000321,Failure to wear proper school uniform.,minor
c000322,Bringing a weapon to school.,grave
c000323,Failure to wear proper school uniform.,minor
c000324,Not bringing required school materials.,minor
c000325,Theft of school funds or equipment.,grave
c000326,Physical assault on a teacher or staff member.,grave
c000327,Fighting with another student in school premises.,major
c000328,Eating in class without permission.,minor
c000329,Bullying or harassment of other students.,major
c000330,Fighting with another student in school premises.,major
c000331,Bullying or harassment of other students.,major
c000332,Physical assault on a teacher or staff member.,grave
c000333,Failure to wear proper school uniform.,minor
c000334,Bringing a weapon to school.,grave
c000335,Possession of prohibited substances on school grounds.,major
c000336,Serious threats made to students or faculty.,grave
c000337,Physical assault on a teacher or staff member.,grave
c000338,Severe vandalism or arson on school property.,grave
c000339,Serious threats made to students or faculty.,grave
c000340,Theft of school funds or equipment.,grave
c000341,Fighting with another student in school premises.,major
c000342,Intentional destruction of school property.,major
c000343,Tardiness in attending morning assembly.,minor
c000344,Bringing a weapon to school.,grave
c000345,Serious threats made to students or faculty.,grave
c000346,Not bringing required school materials.,minor
c000347,Intentional destruction of school property.,major
c000348,Theft of school funds or equipment.,grave
c000349,Tardiness in attending morning assembly.,minor
c000350,Severe vandalism or arson on school property.,grave
c000351,Bullying or harassment of other students.,major
c000352,Bringing a weapon to school.,grave
c000353,Serious threats made to students or faculty.,grave
c000354,Fighting with another student in school premises.,major
c000355,Theft of school funds or equipment.,grave
c000356,Bullying or harassment of other students.,major
c000357,Possession of prohibited substances on school grounds.,major
c000358,Bullying or harassment of other students.,major
c000359,Bringing a weapon to school.,grave
c000360,Failure to wear proper school uniform.,minor
c000361,Eating in class without permission.,minor
c000362,Theft of school funds or equipment.,grave
c000363,Bullying or harassment of other students.,major
c000364,Bringing a weapon to school.,grave
c000365,Bullying or harassment of other students.,major
c000366,Tardiness in attending morning assembly.,minor
c000367,Not bringing required school materials.,minor
c000368,Tardiness in attending morning assembly.,minor
c000369,Bullying or harassment of other students.,major
c000370,Theft of school funds or equipment.,grave
c000371,Bringing a weapon to school.,grave
c000372,Severe vandalism or arson on school property.,grave
c000373,Failure to wear proper school uniform.,minor
c000374,Eating in class without permission.,minor
c000375,Serious threats made to students or faculty.,grave
c000376,Bringing a weapon to school.,grave
c000377,Not bringing required school materials.,minor
c000378,Serious threats made to students or faculty.,grave
c000379,Failure to wear proper school uniform.,minor
c000380,Tardiness in attending morning assembly.,minor
c000381,Failure to wear proper school uniform.,minor
c000382,Fighting with another student in school premises.,major
c000383,Intentional destruction of school property.,major
c000384,Skipping class repeatedly without valid reason.,major
c000385,Severe vandalism or arson on school property.,grave
c000386,Fighting with another student in school premises.,major
c000387,Severe vandalism or arson on school property.,grave
c000388,Skipping class repeatedly without valid reason.,major
c000389,Bringing a weapon to school.,grave
c000390,Eating in class without permission.,minor
c000391,Fighting with another student in school premises.,major
c000392,Intentional destruction of school property.,major
c000393,Severe vandalism or arson on school property.,grave
c000394,Severe vandalism or arson on school property.,grave
c000395,Physical assault on a teacher or staff member.,grave
c000396,Theft of school funds or equipment.,grave
c000397,Severe vandalism or arson on school property.,grave
c000398,Serious threats made to students or faculty.,grave
c000399,Bringing a weapon to school.,grave
c000400,Failure to wear proper school uniform.,minor
c000401,Eating in class without permission.,minor
c000402,Bullying or harassment of other students.,major
c000403,Bullying or harassment of other students.,major
c000404,Not bringing required school materials.,minor
c000405,Not bringing required school materials.,minor
c000406,Not bringing required school materials.,minor
c000407,Theft of school funds or equipment.,grave
c000408,Bringing a weapon to school.,grave
c000409,Physical assault on a teacher or staff member.,grave
c000410,Fighting with another student in school premises.,major
c000411,Intentional destruction of school property.,major
c000412,Not bringing required school materials.,minor
c000413,Fighting with another student in school premises.,major
c000414,Severe vandalism or arson on school property.,grave
c000415,Fighting with another student in school premises.,major
c000416,Fighting with another student in school premises.,major
c000417,Serious threats made to students or faculty.,grave
c000418,Not bringing required school materials.,minor
c000419,Theft of school funds or equipment.,grave
c000420,Tardiness in attending morning assembly.,minor
c000421,Failure to wear proper school uniform.,minor
c000422,Fighting with another student in school premises.,major
c000423,Not bringing required school materials.,minor
c000424,Littering in the classroom or hallways.,minor
c000425,Theft of school funds or equipment.,grave
c000426,Serious threats made to students or faculty.,grave
c000427,Serious threats made to students or faculty.,grave
c000428,Bullying or harassment of other students.,major
c000429,Serious threats made to students or faculty.,grave
c000430,Serious threats made to students or faculty.,grave
c000431,Failure to wear proper school uniform.,minor
c000432,Bringing a weapon to school.,grave
c000433,Severe vandalism or arson on school property.,grave
c000434,Severe vandalism or arson on school property.,grave
c000435,Littering in the classroom or hallways.,minor
c000436,Bullying or harassment of other students.,major
c000437,Littering in the classroom or hallways.,minor
c000438,Not bringing required school materials.,minor
c000439,Theft of school funds or equipment.,grave
c000440,Bringing a weapon to school.,grave
c000441,Eating in class without permission.,minor
c000442,Possession of prohibited substances on school grounds.,major
c000443,Physical assault on a teacher or staff member.,grave
c000444,Tardiness in attending morning assembly.,minor
c000445,Not bringing required school materials.,minor
c000446,Bullying or harassment of other students.,major
c000447,Eating in class without permission.,minor
c000448,Bringing a weapon to school.,grave
c000449,Bringing a weapon to school.,grave
c000450,Tardiness in attending morning assembly.,minor
c000451,Intentional destruction of school property.,major
c000452,Fighting with another student in school premises.,major
c000453,Possession of prohibited substances on school grounds.,major
c000454,Theft of school funds or equipment.,grave
c000455,Tardiness in attending morning assembly.,minor
c000456,Fighting with another student in school premises.,major
c000457,Bringing a weapon to school.,grave
c000458,Eating in class without permission.,minor
c000459,Skipping class repeatedly without valid reason.,major
c000460,Intentional destruction of school property.,major
c000461,Theft of school funds or equipment.,grave
c000462,Tardiness in attending morning assembly.,minor
c000463,Severe vandalism or arson on school property.,grave
c000464,Eating in class without permission.,minor
c000465,Possession of prohibited substances on school grounds.,major
c000466,Bullying or harassment of other students.,major
c000467,Bullying or harassment of other students.,major
c000468,Not bringing required school materials.,minor
c000469,Bringing a weapon to school.,grave
c000470,Littering in the classroom or hallways.,minor
c000471,Bringing a weapon to school.,grave
c000472,Physical assault on a teacher or staff member.,grave
c000473,Not bringing required school materials.,minor
c000474,Fighting with another student in school premises.,major
c000475,Intentional destruction of school property.,major
c000476,Severe vandalism or arson on school property.,grave
c000477,Bringing a weapon to school.,grave
c000478,Eating in class without permission.,minor
c000479,Bringing a weapon to school.,grave
c000480,Eating in class without permission.,minor
c000481,Failure to wear proper school uniform.,minor
c000482,Intentional destruction of school property.,major
c000483,Fighting with another student in school premises.,major
c000484,Severe vandalism or arson on school property.,grave
c000485,Failure to wear proper school uniform.,minor
c000486,Bringing a weapon to school.,grave
c000487,Bullying or harassment of other students.,major
c000488,Tardiness in attending morning assembly.,minor
c000489,Bringing a weapon to school.,grave
c000490,Serious threats made to students or faculty.,grave
c000491,Littering in the classroom or hallways.,minor
c000492,Tardiness in attending morning assembly.,minor
c000493,Failure to wear proper school uniform.,minor
c000494,Tardiness in attending morning assembly.,minor
c000495,Tardiness in attending morning assembly.,minor
c000496,Fighting with another student in school premises.,major
c000497,Intentional destruction of school property.,major
c000498,Serious threats made to students or faculty.,grave
c000499,Theft of school funds or equipment.,grave
c000500,Bringing a weapon to school.,grave
c000501,Hindi pagdadala ng mga kinakailangang gamit sa klase.,minor
c000502,Hindi pagdadala ng mga kinakailangang gamit sa klase.,minor
c000503,Matinding paninira o pagsunog ng ari-arian ng paaralan.,grave
c000504,Sinadyang pagkasira ng ari-arian ng paaralan.,major
c000505,Paulit-ulit na pagliban sa klase nang walang valid na dahilan.,major
c000506,Hindi pagsusuot ng tamang uniporme ng paaralan.,minor
c000507,Pagkain sa loob ng klase nang walang pahintulot.,minor
c000508,Hindi pagdadala ng mga kinakailangang gamit sa klase.,minor
c000509,Hindi pagdadala ng mga kinakailangang gamit sa klase.,minor
c000510,Pananakot o pangha-harass sa kapwa mag-aaral.,major
c000511,Pakikipag-away sa kapwa mag-aaral sa loob ng paaralan.,major
c000512,Pagtatapon ng basura sa silid-aralan o pasilyo.,minor
c000513,Pagkain sa loob ng klase nang walang pahintulot.,minor
c000514,Matinding paninira o pagsunog ng ari-arian ng paaralan.,grave
c000515,Hindi pagsusuot ng tamang uniporme ng paaralan.,minor
c000516,Paulit-ulit na pagliban sa klase nang walang valid na dahilan.,major
c000517,Pagnanakaw ng pondo o kagamitan ng paaralan.,grave
c000518,Pakikipag-away sa kapwa mag-aaral sa loob ng paaralan.,major
c000519,Hindi pagsusuot ng tamang uniporme ng paaralan.,minor
c000520,Pagdadala ng ipinagbabawal na gamit sa loob ng paaralan.,major
c000521,Pagdadala ng ipinagbabawal na gamit sa loob ng paaralan.,major
c000522,Sinadyang pagkasira ng ari-arian ng paaralan.,major
c000523,Hindi pagdadala ng mga kinakailangang gamit sa klase.,minor
c000524,Pakikipag-away sa kapwa mag-aaral sa loob ng paaralan.,major
c000525,Pagtatapon ng basura sa silid-aralan o pasilyo.,minor
c000526,Matinding paninira o pagsunog ng ari-arian ng paaralan.,grave
c000527,Pagdadala ng ipinagbabawal na gamit sa loob ng paaralan.,major
c000528,Pagdadala ng ipinagbabawal na gamit sa loob ng paaralan.,major
c000529,Pananakit sa guro o miyembro ng staff.,grave
c000530,Pagka-late sa pagdalo sa morning assembly.,minor
c000531,Hindi pagsusuot ng tamang uniporme ng paaralan.,minor
c000532,Pagdadala ng armas sa loob ng paaralan.,grave
c000533,Pakikipag-away sa kapwa mag-aaral sa loob ng paaralan.,major
c000534,Hindi pagdadala ng mga kinakailangang gamit sa klase.,minor
c000535,Malubhang pagbabanta sa kapwa estudyante o guro.,grave
c000536,Paulit-ulit na pagliban sa klase nang walang valid na dahilan.,major
c000537,Pagkain sa loob ng klase nang walang pahintulot.,minor
c000538,Pagka-late sa pagdalo sa morning assembly.,minor
c000539,Hindi pagsusuot ng tamang uniporme ng paaralan.,minor
c000540,Pakikipag-away sa kapwa mag-aaral sa loob ng paaralan.,major
c000541,Pagdadala ng armas sa loob ng paaralan.,grave
c000542,Pananakot o pangha-harass sa kapwa mag-aaral.,major
c000543,Pagdadala ng armas sa loob ng paaralan.,grave
c000544,Hindi pagdadala ng mga kinakailangang gamit sa klase.,minor
c000545,Hindi pagsusuot ng tamang uniporme ng paaralan.,minor
c000546,Pakikipag-away sa kapwa mag-aaral sa loob ng paaralan.,major
c000547,Hindi pagsusuot ng tamang uniporme ng paaralan.,minor
c000548,Pagnanakaw ng pondo o kagamitan ng paaralan.,grave
c000549,Hindi pagdadala ng mga kinakailangang gamit sa klase.,minor
c000550,Pagdadala ng ipinagbabawal na gamit sa loob ng paaralan.,major
c000551,Pagdadala ng armas sa loob ng paaralan.,grave
c000552,Pagka-late sa pagdalo sa morning assembly.,minor
c000553,Pananakot o pangha-harass sa kapwa mag-aaral.,major
c000554,Pagka-late sa pagdalo sa morning assembly.,minor
c000555,Hindi pagdadala ng mga kinakailangang gamit sa klase.,minor
c000556,Matinding paninira o pagsunog ng ari-arian ng paaralan.,grave
c000557,Pagkain sa loob ng klase nang walang pahintulot.,minor
c000558,Pananakot o pangha-harass sa kapwa mag-aaral.,major
c000559,Paulit-ulit na pagliban sa klase nang walang valid na dahilan.,major
c000560,Pagdadala ng armas sa loob ng paaralan.,grave
c000561,Matinding paninira o pagsunog ng ari-arian ng paaralan.,grave
c000562,Pagnanakaw ng pondo o kagamitan ng paaralan.,grave
c000563,Pagdadala ng armas sa loob ng paaralan.,grave
c000564,Pananakot o pangha-harass sa kapwa mag-aaral.,major
c000565,Pananakot o pangha-harass sa kapwa mag-aaral.,major
c000566,Paulit-ulit na pagliban sa klase nang walang valid na dahilan.,major
c000567,Paulit-ulit na pagliban sa klase nang walang valid na dahilan.,major
c000568,Malubhang pagbabanta sa kapwa estudyante o guro.,grave
c000569,Pananakit sa guro o miyembro ng staff.,grave
c000570,Hindi pagsusuot ng tamang uniporme ng paaralan.,minor
c000571,Paulit-ulit na pagliban sa klase nang walang valid na dahilan.,major
c000572,Pagdadala ng armas sa loob ng paaralan.,grave
c000573,Pananakit sa guro o miyembro ng staff.,grave
c000574,Pananakot o pangha-harass sa kapwa mag-aaral.,major
c000575,Pagdadala ng armas sa loob ng paaralan.,grave
c000576,Pagdadala ng armas sa loob ng paaralan.,grave
c000577,Hindi pagsusuot ng tamang uniporme ng paaralan.,minor
c000578,Paulit-ulit na pagliban sa klase nang walang valid na dahilan.,major
c000579,Pagnanakaw ng pondo o kagamitan ng paaralan.,grave
c000580,Matinding paninira o pagsunog ng ari-arian ng paaralan.,grave
c000581,Pagkain sa loob ng klase nang walang pahintulot.,minor
c000582,Pagkain sa loob ng klase nang walang pahintulot.,minor
c000583,Pananakot o pangha-harass sa kapwa mag-aaral.,major
c000584,Pagdadala ng armas sa loob ng paaralan.,grave
c000585,Pagtatapon ng basura sa silid-aralan o pasilyo.,minor
c000586,Hindi pagdadala ng mga kinakailangang gamit sa klase.,minor
c000587,Hindi pagdadala ng mga kinakailangang gamit sa klase.,minor
c000588,Pakikipag-away sa kapwa mag-aaral sa loob ng paaralan.,major
c000589,Pagnanakaw ng pondo o kagamitan ng paaralan.,grave
c000590,Pagkain sa loob ng klase nang walang pahintulot.,minor
c000591,Paulit-ulit na pagliban sa klase nang walang valid na dahilan.,major
c000592,Hindi pagsusuot ng tamang uniporme ng paaralan.,minor
c000593,Pagka-late sa pagdalo sa morning assembly.,minor
c000594,Hindi pagdadala ng mga kinakailangang gamit sa klase.,minor
c000595,Pakikipag-away sa kapwa mag-aaral sa loob ng paaralan.,major
c000596,Pakikipag-away sa kapwa mag-aaral sa loob ng paaralan.,major
c000597,Pagdadala ng armas sa loob ng paaralan.,grave
c000598,Pagtatapon ng basura sa silid-aralan o pasilyo.,minor
c000599,Pagkain sa loob ng klase nang walang pahintulot.,minor
c000600,Pagkain sa loob ng klase nang walang pahintulot.,minor
c000601,Pagdadala ng armas sa loob ng paaralan.,grave
c000602,Pananakot o pangha-harass sa kapwa mag-aaral.,major
c000603,Pagkain sa loob ng klase nang walang pahintulot.,minor
c000604,Pagdadala ng ipinagbabawal na gamit sa loob ng paaralan.,major
c000605,Pagkain sa loob ng klase nang walang pahintulot.,minor
c000606,Hindi pagdadala ng mga kinakailangang gamit sa klase.,minor
c000607,Sinadyang pagkasira ng ari-arian ng paaralan.,major
c000608,Pananakit sa guro o miyembro ng staff.,grave
c000609,Pagtatapon ng basura sa silid-aralan o pasilyo.,minor
c000610,Pananakot o pangha-harass sa kapwa mag-aaral.,major
c000611,Pagtatapon ng basura sa silid-aralan o pasilyo.,minor
c000612,Pananakit sa guro o miyembro ng staff.,grave
c000613,Hindi pagsusuot ng tamang uniporme ng paaralan.,minor
c000614,Matinding paninira o pagsunog ng ari-arian ng paaralan.,grave
c000615,Sinadyang pagkasira ng ari-arian ng paaralan.,major
c000616,Pagdadala ng ipinagbabawal na gamit sa loob ng paaralan.,major
c000617,Paulit-ulit na pagliban sa klase nang walang valid na dahilan.,major
c000618,Pagtatapon ng basura sa silid-aralan o pasilyo.,minor
c000619,Pananakot o pangha-harass sa kapwa mag-aaral.,major
c000620,Sinadyang pagkasira ng ari-arian ng paaralan.,major
c000621,Hindi pagsusuot ng tamang uniporme ng paaralan.,minor
c000622,Sinadyang pagkasira ng ari-arian ng paaralan.,major
c000623,Pagtatapon ng basura sa silid-aralan o pasilyo.,minor
c000624,Paulit-ulit na pagliban sa klase nang walang valid na dahilan.,major
c000625,Pagdadala ng armas sa loob ng paaralan.,grave
c000626,Pagka-late sa pagdalo sa morning assembly.,minor
c000627,Paulit-ulit na pagliban sa klase nang walang valid na dahilan.,major
c000628,Matinding paninira o pagsunog ng ari-arian ng paaralan.,grave
c000629,Pananakot o pangha-harass sa kapwa mag-aaral.,major
c000630,Matinding paninira o pagsunog ng ari-arian ng paaralan.,grave
c000631,Hindi pagdadala ng mga kinakailangang gamit sa klase.,minor
c000632,Paulit-ulit na pagliban sa klase nang walang valid na dahilan.,major
c000633,Pagnanakaw ng pondo o kagamitan ng paaralan.,grave
c000634,Pagtatapon ng basura sa silid-aralan o pasilyo.,minor
c000635,Sinadyang pagkasira ng ari-arian ng paaralan.,major
c000636,Matinding paninira o pagsunog ng ari-arian ng paaralan.,grave
c000637,Pagdadala ng ipinagbabawal na gamit sa loob ng paaralan.,major
c000638,Pagdadala ng armas sa loob ng paaralan.,grave
c000639,Pananakot o pangha-harass sa kapwa mag-aaral.,major
c000640,Hindi pagsusuot ng tamang uniporme ng paaralan.,minor
c000641,Pagka-late sa pagdalo sa morning assembly.,minor
c000642,Pananakot o pangha-harass sa kapwa mag-aaral.,major
c000643,Pagnanakaw ng pondo o kagamitan ng paaralan.,grave
c000644,Pagnanakaw ng pondo o kagamitan ng paaralan.,grave
c000645,Matinding paninira o pagsunog ng ari-arian ng paaralan.,grave
c000646,Malubhang pagbabanta sa kapwa estudyante o guro.,grave
c000647,Pagkain sa loob ng klase nang walang pahintulot.,minor
c000648,Pagkain sa loob ng klase nang walang pahintulot.,minor
c000649,Sinadyang pagkasira ng ari-arian ng paaralan.,major
c000650,Pagka-late sa pagdalo sa morning assembly.,minor
c000651,Sinadyang pagkasira ng ari-arian ng paaralan.,major
c000652,Sinadyang pagkasira ng ari-arian ng paaralan.,major
c000653,Pananakit sa guro o miyembro ng staff.,grave
c000654,Pananakot o pangha-harass sa kapwa mag-aaral.,major
c000655,Sinadyang pagkasira ng ari-arian ng paaralan.,major
c000656,Matinding paninira o pagsunog ng ari-arian ng paaralan.,grave
c000657,Pananakot o pangha-harass sa kapwa mag-aaral.,major
c000658,Sinadyang pagkasira ng ari-arian ng paaralan.,major
c000659,Pananakot o pangha-harass sa kapwa mag-aaral.,major
c000660,Pananakit sa guro o miyembro ng staff.,grave
c000661,Pakikipag-away sa kapwa mag-aaral sa loob ng paaralan.,major
c000662,Malubhang pagbabanta sa kapwa estudyante o guro.,grave
c000663,Pakikipag-away sa kapwa mag-aaral sa loob ng paaralan.,major
c000664,Hindi pagsusuot ng tamang uniporme ng paaralan.,minor
c000665,Pagdadala ng ipinagbabawal na gamit sa loob ng paaralan.,major
c000666,Hindi pagdadala ng mga kinakailangang gamit sa klase.,minor
c000667,Pagkain sa loob ng klase nang walang pahintulot.,minor
c000668,Malubhang pagbabanta sa kapwa estudyante o guro.,grave
c000669,Pagkain sa loob ng klase nang walang pahintulot.,minor
c000670,Pagdadala ng ipinagbabawal na gamit sa loob ng paaralan.,major
c000671,Pananakot o pangha-harass sa kapwa mag-aaral.,major
c000672,Matinding paninira o pagsunog ng ari-arian ng paaralan.,grave
c000673,Pagdadala ng armas sa loob ng paaralan.,grave
c000674,Pagka-late sa pagdalo sa morning assembly.,minor
c000675,Matinding paninira o pagsunog ng ari-arian ng paaralan.,grave
c000676,Pagdadala ng armas sa loob ng paaralan.,grave
c000677,Pagdadala ng armas sa loob ng paaralan.,grave
c000678,Pagkain sa loob ng klase nang walang pahintulot.,minor
c000679,Matinding paninira o pagsunog ng ari-arian ng paaralan.,grave
c000680,Pagtatapon ng basura sa silid-aralan o pasilyo.,minor
c000681,Sinadyang pagkasira ng ari-arian ng paaralan.,major
c000682,Pagkain sa loob ng klase nang walang pahintulot.,minor
c000683,Hindi pagsusuot ng tamang uniporme ng paaralan.,minor
c000684,Pagdadala ng ipinagbabawal na gamit sa loob ng paaralan.,major
c000685,Matinding paninira o pagsunog ng ari-arian ng paaralan.,grave
c000686,Paulit-ulit na pagliban sa klase nang walang valid na dahilan.,major
c000687,Sinadyang pagkasira ng ari-arian ng paaralan.,major
c000688,Malubhang pagbabanta sa kapwa estudyante o guro.,grave
c000689,Malubhang pagbabanta sa kapwa estudyante o guro.,grave
c000690,Pagdadala ng armas sa loob ng paaralan.,grave
c000691,Pagkain sa loob ng klase nang walang pahintulot.,minor
c000692,Pagtatapon ng basura sa silid-aralan o pasilyo.,minor
c000693,Hindi pagdadala ng mga kinakailangang gamit sa klase.,minor
c000694,Hindi pagdadala ng mga kinakailangang gamit sa klase.,minor
c000695,Pagdadala ng ipinagbabawal na gamit sa loob ng paaralan.,major
c000696,Hindi pagsusuot ng tamang uniporme ng paaralan.,minor
c000697,Pagdadala ng armas sa loob ng paaralan.,grave
c000698,Pagnanakaw ng pondo o kagamitan ng paaralan.,grave
c000699,Pagkain sa loob ng klase nang walang pahintulot.,minor
c000700,Pakikipag-away sa kapwa mag-aaral sa loob ng paaralan.,major
c000701,Pagtatapon ng basura sa silid-aralan o pasilyo.,minor
c000702,Pagtatapon ng basura sa silid-aralan o pasilyo.,minor
c000703,Hindi pagsusuot ng tamang uniporme ng paaralan.,minor
c000704,Pagdadala ng ipinagbabawal na gamit sa loob ng paaralan.,major
c000705,Pagnanakaw ng pondo o kagamitan ng paaralan.,grave
c000706,Pagtatapon ng basura sa silid-aralan o pasilyo.,minor
c000707,Hindi pagsusuot ng tamang uniporme ng paaralan.,minor
c000708,Sinadyang pagkasira ng ari-arian ng paaralan.,major
c000709,Pakikipag-away sa kapwa mag-aaral sa loob ng paaralan.,major
c000710,Pakikipag-away sa kapwa mag-aaral sa loob ng paaralan.,major
c000711,Pagnanakaw ng pondo o kagamitan ng paaralan.,grave
c000712,Hindi pagsusuot ng tamang uniporme ng paaralan.,minor
c000713,Sinadyang pagkasira ng ari-arian ng paaralan.,major
c000714,Pananakot o pangha-harass sa kapwa mag-aaral.,major
c000715,Pagdadala ng armas sa loob ng paaralan.,grave
c000716,Pakikipag-away sa kapwa mag-aaral sa loob ng paaralan.,major
c000717,Pananakot o pangha-harass sa kapwa mag-aaral.,major
c000718,Paulit-ulit na pagliban sa klase nang walang valid na dahilan.,major
c000719,Pananakit sa guro o miyembro ng staff.,grave
c000720,Paulit-ulit na pagliban sa klase nang walang valid na dahilan.,major
c000721,Matinding paninira o pagsunog ng ari-arian ng paaralan.,grave
c000722,Pagdadala ng armas sa loob ng paaralan.,grave
c000723,Pananakit sa guro o miyembro ng staff.,grave
c000724,Pagtatapon ng basura sa silid-aralan o pasilyo.,minor
c000725,Hindi pagdadala ng mga kinakailangang gamit sa klase.,minor
c000726,Pagdadala ng armas sa loob ng paaralan.,grave
c000727,Pagka-late sa pagdalo sa morning assembly.,minor
c000728,Pagkain sa loob ng klase nang walang pahintulot.,minor
c000729,Hindi pagdadala ng mga kinakailangang gamit sa klase.,minor
c000730,Pananakot o pangha-harass sa kapwa mag-aaral.,major
c000731,Pagdadala ng armas sa loob ng paaralan.,grave
c000732,Pakikipag-away sa kapwa mag-aaral sa loob ng paaralan.,major
c000733,Malubhang pagbabanta sa kapwa estudyante o guro.,grave
c000734,Malubhang pagbabanta sa kapwa estudyante o guro.,grave
c000735,Pananakit sa guro o miyembro ng staff.,grave
c000736,Pagkain sa loob ng klase nang walang pahintulot.,minor
c000737,Pagkain sa loob ng klase nang walang pahintulot.,minor
c000738,Pananakit sa guro o miyembro ng staff.,grave
c000739,Sinadyang pagkasira ng ari-arian ng paaralan.,major
c000740,Hindi pagdadala ng mga kinakailangang gamit sa klase.,minor
c000741,Paulit-ulit na pagliban sa klase nang walang valid na dahilan.,major
c000742,Pagnanakaw ng pondo o kagamitan ng paaralan.,grave
c000743,Pagnanakaw ng pondo o kagamitan ng paaralan.,grave
c000744,Pagtatapon ng basura sa silid-aralan o pasilyo.,minor
c000745,Pagkain sa loob ng klase nang walang pahintulot.,minor
c000746,Sinadyang pagkasira ng ari-arian ng paaralan.,major
c000747,Pagdadala ng armas sa loob ng paaralan.,grave
c000748,Pagdadala ng armas sa loob ng paaralan.,grave
c000749,Paulit-ulit na pagliban sa klase nang walang valid na dahilan.,major
c000750,Pagtatapon ng basura sa silid-aralan o pasilyo.,minor
c000751,Malubhang pagbabanta sa kapwa estudyante o guro.,grave
c000752,Pagka-late sa pagdalo sa morning assembly.,minor
c000753,Hindi pagsusuot ng tamang uniporme ng paaralan.,minor
c000754,Pananakot o pangha-harass sa kapwa mag-aaral.,major
c000755,Pananakot o pangha-harass sa kapwa mag-aaral.,major
c000756,Pagka-late sa pagdalo sa morning assembly.,minor
c000757,Hindi pagdadala ng mga kinakailangang gamit sa klase.,minor
c000758,Pagdadala ng ipinagbabawal na gamit sa loob ng paaralan.,major
c000759,Pagdadala ng armas sa loob ng paaralan.,grave
c000760,Matinding paninira o pagsunog ng ari-arian ng paaralan.,grave
c000761,Pagkain sa loob ng klase nang walang pahintulot.,minor
c000762,Matinding paninira o pagsunog ng ari-arian ng paaralan.,grave
c000763,Pagdadala ng ipinagbabawal na gamit sa loob ng paaralan.,major
c000764,Hindi pagdadala ng mga kinakailangang gamit sa klase.,minor
c000765,Pagtatapon ng basura sa silid-aralan o pasilyo.,minor
c000766,Pananakot o pangha-harass sa kapwa mag-aaral.,major
c000767,Pananakot o pangha-harass sa kapwa mag-aaral.,major
c000768,Pananakot o pangha-harass sa kapwa mag-aaral.,major
c000769,Pagdadala ng armas sa loob ng paaralan.,grave
c000770,Paulit-ulit na pagliban sa klase nang walang valid na dahilan.,major
c000771,Pagdadala ng armas sa loob ng paaralan.,grave
c000772,Pagkain sa loob ng klase nang walang pahintulot.,minor
c000773,Hindi pagsusuot ng tamang uniporme ng paaralan.,minor
c000774,Hindi pagsusuot ng tamang uniporme ng paaralan.,minor
c000775,Sinadyang pagkasira ng ari-arian ng paaralan.,major
c000776,Sinadyang pagkasira ng ari-arian ng paaralan.,major
c000777,Pagdadala ng ipinagbabawal na gamit sa loob ng paaralan.,major
c000778,Pakikipag-away sa kapwa mag-aaral sa loob ng paaralan.,major
c000779,Pagkain sa loob ng klase nang walang pahintulot.,minor
c000780,Pagka-late sa pagdalo sa morning assembly.,minor
c000781,Malubhang pagbabanta sa kapwa estudyante o guro.,grave
c000782,Pananakot o pangha-harass sa kapwa mag-aaral.,major
c000783,Sinadyang pagkasira ng ari-arian ng paaralan.,major
c000784,Pagdadala ng ipinagbabawal na gamit sa loob ng paaralan.,major
c000785,Pagka-late sa pagdalo sa morning assembly.,minor
c000786,Pagka-late sa pagdalo sa morning assembly.,minor
c000787,Pagnanakaw ng pondo o kagamitan ng paaralan.,grave
c000788,Paulit-ulit na pagliban sa klase nang walang valid na dahilan.,major
c000789,Malubhang pagbabanta sa kapwa estudyante o guro.,grave
c000790,Paulit-ulit na pagliban sa klase nang walang valid na dahilan.,major
c000791,Sinadyang pagkasira ng ari-arian ng paaralan.,major
c000792,Pagkain sa loob ng klase nang walang pahintulot.,minor
c000793,Hindi pagsusuot ng tamang uniporme ng paaralan.,minor
c000794,Pananakot o pangha-harass sa kapwa mag-aaral.,major
c000795,Matinding paninira o pagsunog ng ari-arian ng paaralan.,grave
c000796,Hindi pagsusuot ng tamang uniporme ng paaralan.,minor
c000797,Matinding paninira o pagsunog ng ari-arian ng paaralan.,grave
c000798,Pagka-late sa pagdalo sa morning assembly.,minor
c000799,Sinadyang pagkasira ng ari-arian ng paaralan.,major
c000800,Matinding paninira o pagsunog ng ari-arian ng paaralan.,grave
c000801,Matinding paninira o pagsunog ng ari-arian ng paaralan.,grave
c000802,Pagnanakaw ng pondo o kagamitan ng paaralan.,grave
c000803,Sinadyang pagkasira ng ari-arian ng paaralan.,major
c000804,Pagtatapon ng basura sa silid-aralan o pasilyo.,minor
c000805,Pagtatapon ng basura sa silid-aralan o pasilyo.,minor
c000806,Pananakot o pangha-harass sa kapwa mag-aaral.,major
c000807,Hindi pagsusuot ng tamang uniporme ng paaralan.,minor
c000808,Paulit-ulit na pagliban sa klase nang walang valid na dahilan.,major
c000809,Matinding paninira o pagsunog ng ari-arian ng paaralan.,grave
c000810,Sinadyang pagkasira ng ari-arian ng paaralan.,major
c000811,Pananakot o pangha-harass sa kapwa mag-aaral.,major
c000812,Hindi pagsusuot ng tamang uniporme ng paaralan.,minor
c000813,Hindi pagdadala ng mga kinakailangang gamit sa klase.,minor
c000814,Pananakit sa guro o miyembro ng staff.,grave
c000815,Hindi pagsusuot ng tamang uniporme ng paaralan.,minor
c000816,Pagdadala ng armas sa loob ng paaralan.,grave
c000817,Pagnanakaw ng pondo o kagamitan ng paaralan.,grave
c000818,Pagka-late sa pagdalo sa morning assembly.,minor
c000819,Malubhang pagbabanta sa kapwa estudyante o guro.,grave
c000820,Pananakit sa guro o miyembro ng staff.,grave
c000821,Paulit-ulit na pagliban sa klase nang walang valid na dahilan.,major
c000822,Hindi pagsusuot ng tamang uniporme ng paaralan.,minor
c000823,Paulit-ulit na pagliban sa klase nang walang valid na dahilan.,major
c000824,Hindi pagdadala ng mga kinakailangang gamit sa klase.,minor
c000825,Matinding paninira o pagsunog ng ari-arian ng paaralan.,grave
c000826,Hindi pagdadala ng mga kinakailangang gamit sa klase.,minor
c000827,Pananakit sa guro o miyembro ng staff.,grave
c000828,Malubhang pagbabanta sa kapwa estudyante o guro.,grave
c000829,Pagdadala ng ipinagbabawal na gamit sa loob ng paaralan.,major
c000830,Pananakit sa guro o miyembro ng staff.,grave
c000831,Matinding paninira o pagsunog ng ari-arian ng paaralan.,grave
c000832,Paulit-ulit na pagliban sa klase nang walang valid na dahilan.,major
c000833,Hindi pagsusuot ng tamang uniporme ng paaralan.,minor
c000834,Malubhang pagbabanta sa kapwa estudyante o guro.,grave
c000835,Paulit-ulit na pagliban sa klase nang walang valid na dahilan.,major
c000836,Pagdadala ng armas sa loob ng paaralan.,grave
c000837,Paulit-ulit na pagliban sa klase nang walang valid na dahilan.,major
c000838,Malubhang pagbabanta sa kapwa estudyante o guro.,grave
c000839,Pagdadala ng ipinagbabawal na gamit sa loob ng paaralan.,major
c000840,Pagnanakaw ng pondo o kagamitan ng paaralan.,grave
c000841,Matinding paninira o pagsunog ng ari-arian ng paaralan.,grave
c000842,Pagka-late sa pagdalo sa morning assembly.,minor
c000843,Hindi pagsusuot ng tamang uniporme ng paaralan.,minor
c000844,Pagtatapon ng basura sa silid-aralan o pasilyo.,minor
c000845,Malubhang pagbabanta sa kapwa estudyante o guro.,grave
c000846,Pakikipag-away sa kapwa mag-aaral sa loob ng paaralan.,major
c000847,Paulit-ulit na pagliban sa klase nang walang valid na dahilan.,major
c000848,Pagnanakaw ng pondo o kagamitan ng paaralan.,grave
c000849,Pananakot o pangha-harass sa kapwa mag-aaral.,major
c000850,Hindi pagsusuot ng tamang uniporme ng paaralan.,minor
c000851,Pagdadala ng armas sa loob ng paaralan.,grave
c000852,Sinadyang pagkasira ng ari-arian ng paaralan.,major
c000853,Pagnanakaw ng pondo o kagamitan ng paaralan.,grave
c000854,Pakikipag-away sa kapwa mag-aaral sa loob ng paaralan.,major
c000855,Pagkain sa loob ng klase nang walang pahintulot.,minor
c000856,Hindi pagsusuot ng tamang uniporme ng paaralan.,minor
c000857,Pananakit sa guro o miyembro ng staff.,grave
c000858,Pananakot o pangha-harass sa kapwa mag-aaral.,major
c000859,Pagdadala ng armas sa loob ng paaralan.,grave
c000860,Sinadyang pagkasira ng ari-arian ng paaralan.,major
c000861,Matinding paninira o pagsunog ng ari-arian ng paaralan.,grave
c000862,Hindi pagsusuot ng tamang uniporme ng paaralan.,minor
c000863,Hindi pagdadala ng mga kinakailangang gamit sa klase.,minor
c000864,Pagka-late sa pagdalo sa morning assembly.,minor
c000865,Matinding paninira o pagsunog ng ari-arian ng paaralan.,grave
c000866,Pakikipag-away sa kapwa mag-aaral sa loob ng paaralan.,major
c000867,Pagdadala ng ipinagbabawal na gamit sa loob ng paaralan.,major
c000868,Pananakit sa guro o miyembro ng staff.,grave
c000869,Pananakit sa guro o miyembro ng staff.,grave
c000870,Sinadyang pagkasira ng ari-arian ng paaralan.,major
c000871,Pagdadala ng ipinagbabawal na gamit sa loob ng paaralan.,major
c000872,Hindi pagsusuot ng tamang uniporme ng paaralan.,minor
c000873,Pagkain sa loob ng klase nang walang pahintulot.,minor
c000874,Hindi pagsusuot ng tamang uniporme ng paaralan.,minor
c000875,Paulit-ulit na pagliban sa klase nang walang valid na dahilan.,major
c000876,Sinadyang pagkasira ng ari-arian ng paaralan.,major
c000877,Hindi pagdadala ng mga kinakailangang gamit sa klase.,minor
c000878,Pagka-late sa pagdalo sa morning assembly.,minor
c000879,Pagka-late sa pagdalo sa morning assembly.,minor
c000880,Paulit-ulit na pagliban sa klase nang walang valid na dahilan.,major
c000881,Pagtatapon ng basura sa silid-aralan o pasilyo.,minor
c000882,Paulit-ulit na pagliban sa klase nang walang valid na dahilan.,major
c000883,Pagnanakaw ng pondo o kagamitan ng paaralan.,grave
c000884,Matinding paninira o pagsunog ng ari-arian ng paaralan.,grave
c000885,Pagkain sa loob ng klase nang walang pahintulot.,minor
c000886,Pagdadala ng ipinagbabawal na gamit sa loob ng paaralan.,major
c000887,Pagnanakaw ng pondo o kagamitan ng paaralan.,grave
c000888,Pagdadala ng armas sa loob ng paaralan.,grave
c000889,Pakikipag-away sa kapwa mag-aaral sa loob ng paaralan.,major
c000890,Pagtatapon ng basura sa silid-aralan o pasilyo.,minor
c000891,Pagdadala ng armas sa loob ng paaralan.,grave
c000892,Hindi pagdadala ng mga kinakailangang gamit sa klase.,minor
c000893,Pagdadala ng armas sa loob ng paaralan.,grave
c000894,Pananakot o pangha-harass sa kapwa mag-aaral.,major
c000895,Sinadyang pagkasira ng ari-arian ng paaralan.,major
c000896,Hindi pagsusuot ng tamang uniporme ng paaralan.,minor
c000897,Matinding paninira o pagsunog ng ari-arian ng paaralan.,grave
c000898,Pagka-late sa pagdalo sa morning assembly.,minor
c000899,Pagka-late sa pagdalo sa morning assembly.,minor
c000900,Matinding paninira o pagsunog ng ari-arian ng paaralan.,grave
c000901,Pagtatapon ng basura sa silid-aralan o pasilyo.,minor
c000902,Pagdadala ng ipinagbabawal na gamit sa loob ng paaralan.,major
c000903,Pagkain sa loob ng klase nang walang pahintulot.,minor
c000904,Pagdadala ng ipinagbabawal na gamit sa loob ng paaralan.,major
c000905,Pagkain sa loob ng klase nang walang pahintulot.,minor
c000906,Pagnanakaw ng pondo o kagamitan ng paaralan.,grave
c000907,Pagka-late sa pagdalo sa morning assembly.,minor
c000908,Hindi pagsusuot ng tamang uniporme ng paaralan.,minor
c000909,Hindi pagdadala ng mga kinakailangang gamit sa klase.,minor
c000910,Hindi pagsusuot ng tamang uniporme ng paaralan.,minor
c000911,Hindi pagdadala ng mga kinakailangang gamit sa klase.,minor
c000912,Pagkain sa loob ng klase nang walang pahintulot.,minor
c000913,Pagnanakaw ng pondo o kagamitan ng paaralan.,grave
c000914,Pagnanakaw ng pondo o kagamitan ng paaralan.,grave
c000915,Pananakot o pangha-harass sa kapwa mag-aaral.,major
c000916,Pakikipag-away sa kapwa mag-aaral sa loob ng paaralan.,major
c000917,Pagdadala ng ipinagbabawal na gamit sa loob ng paaralan.,major
c000918,Matinding paninira o pagsunog ng ari-arian ng paaralan.,grave
c000919,Pakikipag-away sa kapwa mag-aaral sa loob ng paaralan.,major
c000920,Pananakit sa guro o miyembro ng staff.,grave
c000921,Pananakit sa guro o miyembro ng staff.,grave
c000922,Matinding paninira o pagsunog ng ari-arian ng paaralan.,grave
c000923,Paulit-ulit na pagliban sa klase nang walang valid na dahilan.,major
c000924,Hindi pagdadala ng mga kinakailangang gamit sa klase.,minor
c000925,Hindi pagsusuot ng tamang uniporme ng paaralan.,minor
c000926,Hindi pagdadala ng mga kinakailangang gamit sa klase.,minor
c000927,Pagkain sa loob ng klase nang walang pahintulot.,minor
c000928,Pagkain sa loob ng klase nang walang pahintulot.,minor
c000929,Sinadyang pagkasira ng ari-arian ng paaralan.,major
c000930,Matinding paninira o pagsunog ng ari-arian ng paaralan.,grave
c000931,Paulit-ulit na pagliban sa klase nang walang valid na dahilan.,major
c000932,Sinadyang pagkasira ng ari-arian ng paaralan.,major
c000933,Hindi pagsusuot ng tamang uniporme ng paaralan.,minor
c000934,Pagdadala ng ipinagbabawal na gamit sa loob ng paaralan.,major
c000935,Pakikipag-away sa kapwa mag-aaral sa loob ng paaralan.,major
c000936,Pananakit sa guro o miyembro ng staff.,grave
c000937,Paulit-ulit na pagliban sa klase nang walang valid na dahilan.,major
c000938,Pagkain sa loob ng klase nang walang pahintulot.,minor
c000939,Pagtatapon ng basura sa silid-aralan o pasilyo.,minor
c000940,Pagdadala ng ipinagbabawal na gamit sa loob ng paaralan.,major
c000941,Matinding paninira o pagsunog ng ari-arian ng paaralan.,grave
c000942,Hindi pagsusuot ng tamang uniporme ng paaralan.,minor
c000943,Pagdadala ng armas sa loob ng paaralan.,grave
c000944,Pananakit sa guro o miyembro ng staff.,grave
c000945,Pagtatapon ng basura sa silid-aralan o pasilyo.,minor
c000946,Pagka-late sa pagdalo sa morning assembly.,minor
c000947,Hindi pagsusuot ng tamang uniporme ng paaralan.,minor
c000948,Pananakot o pangha-harass sa kapwa mag-aaral.,major
c000949,Pakikipag-away sa kapwa mag-aaral sa loob ng paaralan.,major
c000950,Pagdadala ng ipinagbabawal na gamit sa loob ng paaralan.,major
c000951,Pananakit sa guro o miyembro ng staff.,grave
c000952,Pagnanakaw ng pondo o kagamitan ng paaralan.,grave
c000953,Hindi pagdadala ng mga kinakailangang gamit sa klase.,minor
c000954,Pagtatapon ng basura sa silid-aralan o pasilyo.,minor
c000955,Pagka-late sa pagdalo sa morning assembly.,minor
c000956,Matinding paninira o pagsunog ng ari-arian ng paaralan.,grave
c000957,Pananakot o pangha-harass sa kapwa mag-aaral.,major
c000958,Pananakit sa guro o miyembro ng staff.,grave
c000959,Pagdadala ng armas sa loob ng paaralan.,grave
c000960,Paulit-ulit na pagliban sa klase nang walang valid na dahilan.,major
c000961,Pagnanakaw ng pondo o kagamitan ng paaralan.,grave
c000962,Hindi pagsusuot ng tamang uniporme ng paaralan.,minor
c000963,Pananakot o pangha-harass sa kapwa mag-aaral.,major
c000964,Pananakit sa guro o miyembro ng staff.,grave
c000965,Pagkain sa loob ng klase nang walang pahintulot.,minor
c000966,Pagdadala ng armas sa loob ng paaralan.,grave
c000967,Pakikipag-away sa kapwa mag-aaral sa loob ng paaralan.,major
c000968,Pagka-late sa pagdalo sa morning assembly.,minor
c000969,Paulit-ulit na pagliban sa klase nang walang valid na dahilan.,major
c000970,Pagnanakaw ng pondo o kagamitan ng paaralan.,grave
c000971,Pakikipag-away sa kapwa mag-aaral sa loob ng paaralan.,major
c000972,Pagnanakaw ng pondo o kagamitan ng paaralan.,grave
c000973,Hindi pagdadala ng mga kinakailangang gamit sa klase.,minor
c000974,Sinadyang pagkasira ng ari-arian ng paaralan.,major
c000975,Pakikipag-away sa kapwa mag-aaral sa loob ng paaralan.,major
c000976,Hindi pagsusuot ng tamang uniporme ng paaralan.,minor
c000977,Hindi pagsusuot ng tamang uniporme ng paaralan.,minor
c000978,Sinadyang pagkasira ng ari-arian ng paaralan.,major
c000979,Malubhang pagbabanta sa kapwa estudyante o guro.,grave
c000980,Pagka-late sa pagdalo sa morning assembly.,minor
c000981,Malubhang pagbabanta sa kapwa estudyante o guro.,grave
c000982,Pagka-late sa pagdalo sa morning assembly.,minor
c000983,Hindi pagdadala ng mga kinakailangang gamit sa klase.,minor
c000984,Pagdadala ng armas sa loob ng paaralan.,grave
c000985,Pagkain sa loob ng klase nang walang pahintulot.,minor
c000986,Hindi pagsusuot ng tamang uniporme ng paaralan.,minor
c000987,Hindi pagdadala ng mga kinakailangang gamit sa klase.,minor
c000988,Paulit-ulit na pagliban sa klase nang walang valid na dahilan.,major
c000989,Hindi pagsusuot ng tamang uniporme ng paaralan.,minor
c000990,Matinding paninira o pagsunog ng ari-arian ng paaralan.,grave
c000991,Pagtatapon ng basura sa silid-aralan o pasilyo.,minor
c000992,Sinadyang pagkasira ng ari-arian ng paaralan.,major
c000993,Pagtatapon ng basura sa silid-aralan o pasilyo.,minor
c000994,Malubhang pagbabanta sa kapwa estudyante o guro.,grave
c000995,Pakikipag-away sa kapwa mag-aaral sa loob ng paaralan.,major
c000996,Matinding paninira o pagsunog ng ari-arian ng paaralan.,grave
c000997,Pananakit sa guro o miyembro ng staff.,grave
c000998,Pakikipag-away sa kapwa mag-aaral sa loob ng paaralan.,major
c000999,Pagtatapon ng basura sa silid-aralan o pasilyo.,minor
c001000,Malubhang pagbabanta sa kapwa estudyante o guro.,grave
